best, best_n
0, 0
0.0150625, 0.00536075
1.81922, 0.0194886
1.81801, 0.90166
1.81682, 1.7995
2.70062, 1.80076
2.69949, 1.80267
2.70321, 1.80203
2.70202, 1.80164
5.4004, 1.80155
5.39794, 1.80863
5.39564, 1.80749
5.3935, 1.80749
5.39124, 2.69145
5.38925, 2.69509
5.38723, 2.70217
5.38508, 2.70109
5.38311, 2.70114
5.38088, 2.70403
5.37862, 2.70345
5.37632, 2.70341
5.37411, 2.70622
5.37171, 2.70502
5.36941, 3.5742
5.36723, 3.57311
